"Reference","Qty","Value","Footprint","MPN","Manufacturer","Chosen_Distributor","Datasheet","Validated","DNP","Notes"
"C1,C2,C7,C18,C20,C21,C24","7","4.7u","Capacitor_SMD:C_0805_2012Metric","C0805C475K4PACTU","","","","","",""
"C3-C5,C8-C10,C14,C15,C17,C22,C25,C26,C29,C31,C33,C35,C36,C38,C56","19","10u","Capacitor_SMD:C_0805_2012Metric","C0805C106K4PACTU","","","","","",""
"C6,C11,C16,C19,C27,C30,C32,C37,C39,C41-C47,C57,C61","18","100n","Capacitor_SMD:C_0603_1608Metric","C0603C104K5RACTU","","","","","",""
"C12,C50,C59","3","1u","Capacitor_SMD:C_0603_1608Metric","C0603C105K8PACTU","","","","","",""
"C13,C23","2","10n","Capacitor_SMD:C_0603_1608Metric","C0603C103G8GACTU","","","","","",""
"C28","1","2.2u","Capacitor_SMD:C_0603_1608Metric","C0603C225K8PACTU","","","","","",""
"C34","1","4.7p","Capacitor_SMD:C_0603_1608Metric","C0603C479C4HACTU","","","","","",""
"C40,C55,C58,C60,C62","5","22u","Capacitor_SMD:C_0805_2012Metric","GRM21BR60J226ME39L","","","","","",""
"C48,C53","2","10u","Capacitor_SMD:C_0603_1608Metric","GRM188R61C106KE15D","","","","","",""
"C49,C52","2","TBD","Capacitor_SMD:C_0603_1608Metric","","","","","","DNP",""
"C51","1","1n","Capacitor_SMD:C_0603_1608Metric","C1608C0G1H102J080AE","","","","","",""
"C54","1","180p","Capacitor_SMD:C_0603_1608Metric","C0603C181J5GACTU","","","","","",""
"D1,D2","2","LED","LED_SMD:LED_0603_1608Metric","150060VS75000","","","","","",""
"D3","1","CMKD6000","Package_TO_SOT_SMD:SOT-363_SC-70-6","CMKD6000 TR PBFREE","","","https://www.mouser.de/datasheet/3/312/1/CMKD6000.pdf","","",""
"FB1-FB7","7","FerriteBead","Inductor_SMD:L_0805_2012Metric","742792040","","","https://www.we-online.com/en/components/products/WE-CBF#742792040","","",""
"J1","1","Conn_01x02","Connector_JST:JST_PH_S2B-PH-SM4-TB_1x02-1MP_P2.00mm_Horizontal","S2B-PH-SM4-TB(LF)(SN)","","","","","",""
"J2,J3","2","PinHeader_01x01_2.54mm_Vertical","Connector_PinHeader_2.54mm:PinHeader_1x01_P2.54mm_Vertical","61300111121","","","https://www.we-online.com/components/products/datasheet/61300111121.pdf","","",""
"J4","1","Micro_SD_Card","Connector_Card:microSD_HC_Wuerth_693072010801","693072010801","","","https://www.we-online.com/components/products/datasheet/693072010801.pdf","","",""
"J5","1","USB_C_Receptacle","Connector_USB:USB_C_Receptacle_GCT_USB4105-xx-A_16P_TopMnt_Horizontal","629722000214","","","https://www.usb.org/sites/default/files/documents/usb_type-c.zip","","",""
"J6,J11","2","AudioJack3","Connector_Audio:Jack_3.5mm_CUI_SJ1-3523N_Horizontal","SJ1-3523N","","","","","",""
"J7,J8,J10,J12","4","PinHeader_01x04_2.54mm_Vertical","Connector_PinHeader_2.54mm:PinHeader_1x04_P2.54mm_Vertical","61300411121","","","https://www.we-online.com/components/products/datasheet/61300411121.pdf","","",""
"J9","1","PinHeader_01x03_2.54mm_Vertical","Connector_PinHeader_2.54mm:PinHeader_1x03_P2.54mm_Vertical","61300311121","","","https://www.we-online.com/components/products/datasheet/61300311121.pdf","","",""
"J13","1","PinHeader_01x02_2.54mm_Vertical","Connector_PinHeader_2.54mm:PinHeader_1x02_P2.54mm_Vertical","61300211121","","","https://www.we-online.com/components/products/datasheet/61300211121.pdf","","",""
"L1","1","4.7uH","Inductor_SMD:L_1008_2520Metric","1269AS-H-4R7M=P2","","","https://www.murata.com/en-us/products/productdata/8801124458526/DS0028.pdf","","",""
"L2","1","2.2u","Inductor_SMD:L_0805_2012Metric","LQM21PN2R2NGCD","","","https://www.murata.com/en-us/products/productdata/8801124458526/DS0028.pdf","","",""
"L3","1","WE_CNSW_744232090","Inductor_SMD:L_CommonMode_Wurth_WE-CNSW-1206","744232090","","","https://www.we-online.com/components/products/datasheet/744232090.pdf","","",""
"MK1","1","IM73A135V01","Sensor_Audio:Infineon_PG-LLGA-5-2","IM73A135V01XTSA1","","","https://www.infineon.com/dgdl/Infineon-IM73A135-DataSheet-v01_00-EN.pdf?fileId=8ac78c8c7f2a768a017fadec36b84500","","",""
"R1,R5,R11,R16-R18","6","1R","Resistor_SMD:R_0603_1608Metric","CRCW06031R00FKEA","","","","","",""
"R2,R7,R33,R34","4","5.1k","Resistor_SMD:R_0603_1608Metric","CRCW06035K10FKEA","","","","","",""
"R3,R4,R6,R13,R14,R22-R31,R43,R50","17","10k","Resistor_SMD:R_0603_1608Metric","CRCW060310K0FKEA","","","","","",""
"R8","1","1.1k","Resistor_SMD:R_0603_1608Metric","CRCW06031K10FKEA","","","","","",""
"R9","1","2.2k","Resistor_SMD:R_0603_1608Metric","CRCW06032K20FKEA","","","","","",""
"R10","1","22.1k","Resistor_SMD:R_0603_1608Metric","CRCW060322K1FKEA","","","","","",""
"R12","1","32.4k","Resistor_SMD:R_0603_1608Metric","CRCW060332K4FKEA","","","","","",""
"R15","1","42.2k","Resistor_SMD:R_0603_1608Metric","CRCW060342K2FKEA","","","","","",""
"R19","1","100R","Resistor_SMD:R_0603_1608Metric","CRCW0603100RFKEA","","","","","",""
"R20","1","1.2M","Resistor_SMD:R_0603_1608Metric","CRCW06031M20FKEA","","","","","",""
"R21","1","200k","Resistor_SMD:R_0603_1608Metric","CRCW0603200KFKEA","","","","","",""
"R32","1","330R","Resistor_SMD:R_0603_1608Metric","CRCW0603330RFKEA","","","","","",""
"R35-R37","3","10k","Resistor_SMD:R_0603_1608Metric","CRCW060310K0FKEA","","","","","DNP",""
"R38,R45","2","TBD","Resistor_SMD:R_0603_1608Metric","","","","","","DNP",""
"R39,R42,R44","3","1M","Resistor_SMD:R_0603_1608Metric","CRCW06031M00FKEA","","","","","",""
"R40","1","4.99k","Resistor_SMD:R_0603_1608Metric","CRCW06034K99FKEA","","","","","",""
"R41","1","110k","Resistor_SMD:R_0603_1608Metric","CRCW0603110KFKEA","","","","","",""
"R46,R49","2","0R","Resistor_SMD:R_0603_1608Metric","CRCW06030000Z0EA","","","","","",""
"R47,R48","2","10R","Resistor_SMD:R_0603_1608Metric","CRCW060310R0FKEA","","","","","",""
"SW1","1","SW_SPDT","Button_Switch_SMD:SW_SPDT_CK_JS102011SAQN","JS102011SAQN","","","https://www.ckswitches.com/media/1422/js.pdf","","",""
"SW2,SW3","2","SW_Push","Button_Switch_SMD:SW_SPST_EVQP2_MiddlePushTravel_H2.5mm","EVQ-P2P02M","","","https://4donline.ihs.com/images/VipMasterIC/IC/PANA/PANAS38695/PANAS38695-1.pdf?hkey=CECEF36DEECDED6468708AAF2E19C0C6","","",""
"U1","1","TPS7A2033PDBVR","Package_TO_SOT_SMD:SOT-23-5","TPS7A2033PDBVR","","","https://www.ti.com/lit/ds/symlink/tps7a20.pdf","","",""
"U2","1","BQ24074RGT","Package_DFN_QFN:VQFN-16-1EP_3x3mm_P0.5mm_EP1.6x1.6mm","BQ24074RGTR","","","http://www.ti.com/lit/ds/symlink/bq24074.pdf","","",""
"U3","1","TPS7A94","BERA Project Specific Footprints:TPS7A94_WSON-10","TPS7A9401DSCR","","","https://www.ti.com/lit/ds/symlink/tps7a94.pdf","","",""
"U4","1","TPS7A39","Package_SON:Texas_S-PVSON-N10_ThermalVias","TPS7A3901DSCR","","","https://www.ti.com/lit/ds/symlink/tps7a39.pdf","","",""
"U5","1","TPS65132W","BERA Project Specific Footprints:TPS65132W_WQFN-20-TI","TPS65132WRVCR","","","https://www.ti.com/lit/gpn/tps65132","","",""
"U6","1","TPS63000","Package_SON:Texas_DRC0010J_ThermalVias","TPS63000DRCR","","","http://www.ti.com/lit/ds/symlink/tps63000.pdf","","",""
"U7","1","ESP32-S3-WROOM-1","RF_Module:ESP32-S3-WROOM-1","ESP32-S3-WROOM-1-N16R8","","","https://www.espressif.com/sites/default/files/documentation/esp32-s3-wroom-1_wroom-1u_datasheet_en.pdf","","",""
"U8","1","WE-TVS-82400102","Package_TO_SOT_SMD:SOT-23-6","82400102","","","https://www.we-online.com/components/products/datasheet/82400102.pdf","","",""
"U9","1","OPA376xxDBV","Package_TO_SOT_SMD:SOT-23-5","OPA376AIDBVR","","","http://www.ti.com/lit/ds/symlink/opa376.pdf","","",""
"U10","1","LTC6373","BERA Project Specific Footprints:LTC6373_DFN-12","LTC6373IDFM#PBF","","","https://www.analog.com/media/en/technical-documentation/data-sheets/ltc6373.pdf","","",""
"U11","1","TAC5212","BERA Project Specific Footprints:TAC5212_VQFN24","TAC5212IRGER","","","https://www.ti.com/lit/gpn/tac5212","","",""
